"Taint analysis NodeRED",,"warning","FLOW_DESCR_START::Source: err;radian6.js:58[35:37];Sink: ""reques ... "" + err;radian6.js:60[29:50]::FLOW_DESCR_END
FLOW_DESCR_START::Source: err;radian6.js:58[35:37];Sink: ""reques ... "" + err;radian6.js:61[33:54]::FLOW_DESCR_END","/radian6.js","58","35","58","37"
"Taint analysis NodeRED",,"warning","FLOW_DESCR_START::Source: result;radian6.js:58[40:45];Sink: ""error: ... e.error;radian6.js:65[30:82]::FLOW_DESCR_END","/radian6.js","58","40","58","45"
"Taint analysis NodeRED",,"warning","FLOW_DESCR_START::Source: data;radian6.js:58[48:51];Sink: ""error: ... e.error;radian6.js:65[30:82]::FLOW_DESCR_END","/radian6.js","58","48","58","51"
"Taint analysis NodeRED",,"warning","FLOW_DESCR_START::Source: err;radian6.js:98[35:37];Sink: '{""erro ...  + '""}';radian6.js:100[33:72]::FLOW_DESCR_END","/radian6.js","98","35","98","37"
"Taint analysis NodeRED",,"warning","FLOW_DESCR_START::Source: result;radian6.js:98[40:45];Sink: '{""erro ...  + '""}';radian6.js:104[30:95]::FLOW_DESCR_END","/radian6.js","98","40","98","45"
"Taint analysis NodeRED",,"warning","FLOW_DESCR_START::Source: data;radian6.js:98[48:51];Sink: '{""erro ...  + '""}';radian6.js:104[30:95]::FLOW_DESCR_END","/radian6.js","98","48","98","51"
"Taint analysis NodeRED",,"warning","FLOW_DESCR_START::Source: err;radian6.js:117[39:41];Sink: '{""erro ...  + '""}';radian6.js:119[37:76]::FLOW_DESCR_END","/radian6.js","117","39","117","41"
"Taint analysis NodeRED",,"warning","FLOW_DESCR_START::Source: result;radian6.js:117[44:49];Sink: '{""erro ...  + '""}';radian6.js:123[34:99]::FLOW_DESCR_END","/radian6.js","117","44","117","49"
"Taint analysis NodeRED",,"warning","FLOW_DESCR_START::Source: data;radian6.js:117[52:55];Sink: '{""erro ...  + '""}';radian6.js:123[34:99]::FLOW_DESCR_END","/radian6.js","117","52","117","55"
"Taint analysis NodeRED",,"warning","FLOW_DESCR_START::Source: err;radian6.js:154[35:37];Sink: '{""erro ...  + '""}';radian6.js:156[33:72]::FLOW_DESCR_END","/radian6.js","154","35","154","37"
"Taint analysis NodeRED",,"warning","FLOW_DESCR_START::Source: result;radian6.js:154[40:45];Sink: '{""erro ...  + '""}';radian6.js:160[30:95]::FLOW_DESCR_END","/radian6.js","154","40","154","45"
"Taint analysis NodeRED",,"warning","FLOW_DESCR_START::Source: data;radian6.js:154[48:51];Sink: '{""erro ...  + '""}';radian6.js:160[30:95]::FLOW_DESCR_END","/radian6.js","154","48","154","51"
"Taint analysis NodeRED",,"warning","FLOW_DESCR_START::Source: msg;radian6.js:193[35:37];Sink: msg;radian6.js:270[27:29]::FLOW_DESCR_END","/radian6.js","193","35","193","37"
"Taint analysis NodeRED",,"warning","FLOW_DESCR_START::Source: err;radian6.js:257[39:41];Sink: ""reques ... "" + err;radian6.js:259[32:53]::FLOW_DESCR_END","/radian6.js","257","39","257","41"
"Taint analysis NodeRED",,"warning","FLOW_DESCR_START::Source: result;radian6.js:257[44:49];Sink: ""error: ... e.error;radian6.js:263[32:84]::FLOW_DESCR_END","/radian6.js","257","44","257","49"
"Taint analysis NodeRED",,"warning","FLOW_DESCR_START::Source: data;radian6.js:257[52:55];Sink: ""error: ... e.error;radian6.js:263[32:84]::FLOW_DESCR_END","/radian6.js","257","52","257","55"
