"Taint analysis NodeRED",,"warning","FLOW_DESCR_START::Source: msg;dxl-tie-get-certificate-first-references.js:64[34:36];Sink: msg;dxl-tie-get-certificate-first-references.js:75[27:29]::FLOW_DESCR_END
FLOW_DESCR_START::Source: msg;dxl-tie-get-certificate-first-references.js:64[34:36];Sink: msg;dxl-tie-get-certificate-first-references.js:77[43:45]::FLOW_DESCR_END
FLOW_DESCR_START::Source: msg;dxl-tie-get-certificate-first-references.js:64[34:36];Sink: msg;dxl-tie-get-certificate-first-references.js:85[57:59]::FLOW_DESCR_END","/nodes/dxl-tie-get-certificate-first-references.js","64","34","64","36"
"Taint analysis NodeRED",,"warning","FLOW_DESCR_START::Source: msg;dxl-tie-get-certificate-reputation.js:62[34:36];Sink: msg;dxl-tie-get-certificate-reputation.js:71[27:29]::FLOW_DESCR_END
FLOW_DESCR_START::Source: msg;dxl-tie-get-certificate-reputation.js:62[34:36];Sink: msg;dxl-tie-get-certificate-reputation.js:73[43:45]::FLOW_DESCR_END
FLOW_DESCR_START::Source: msg;dxl-tie-get-certificate-reputation.js:62[34:36];Sink: msg;dxl-tie-get-certificate-reputation.js:80[57:59]::FLOW_DESCR_END","/nodes/dxl-tie-get-certificate-reputation.js","62","34","62","36"
"Taint analysis NodeRED",,"warning","FLOW_DESCR_START::Source: msg;dxl-tie-get-file-first-references.js:62[34:36];Sink: msg;dxl-tie-get-file-first-references.js:72[27:29]::FLOW_DESCR_END
FLOW_DESCR_START::Source: msg;dxl-tie-get-file-first-references.js:62[34:36];Sink: msg;dxl-tie-get-file-first-references.js:74[43:45]::FLOW_DESCR_END
FLOW_DESCR_START::Source: msg;dxl-tie-get-file-first-references.js:62[34:36];Sink: msg;dxl-tie-get-file-first-references.js:81[59:61]::FLOW_DESCR_END","/nodes/dxl-tie-get-file-first-references.js","62","34","62","36"
"Taint analysis NodeRED",,"warning","FLOW_DESCR_START::Source: msg;dxl-tie-get-file-reputation.js:60[34:36];Sink: msg;dxl-tie-get-file-reputation.js:68[27:29]::FLOW_DESCR_END
FLOW_DESCR_START::Source: msg;dxl-tie-get-file-reputation.js:60[34:36];Sink: msg;dxl-tie-get-file-reputation.js:70[43:45]::FLOW_DESCR_END
FLOW_DESCR_START::Source: msg;dxl-tie-get-file-reputation.js:60[34:36];Sink: msg;dxl-tie-get-file-reputation.js:76[59:61]::FLOW_DESCR_END","/nodes/dxl-tie-get-file-reputation.js","60","34","60","36"
"Taint analysis NodeRED",,"warning","FLOW_DESCR_START::Source: msg;dxl-tie-set-certificate-reputation.js:50[34:36];Sink: msg;dxl-tie-set-certificate-reputation.js:61[43:45]::FLOW_DESCR_END
FLOW_DESCR_START::Source: msg;dxl-tie-set-certificate-reputation.js:50[34:36];Sink: msg;dxl-tie-set-certificate-reputation.js:64[27:29]::FLOW_DESCR_END
FLOW_DESCR_START::Source: msg;dxl-tie-set-certificate-reputation.js:50[34:36];Sink: msg;dxl-tie-set-certificate-reputation.js:73[57:59]::FLOW_DESCR_END","/nodes/dxl-tie-set-certificate-reputation.js","50","34","50","36"
"Taint analysis NodeRED",,"warning","FLOW_DESCR_START::Source: msg;dxl-tie-set-file-reputation.js:50[34:36];Sink: msg;dxl-tie-set-file-reputation.js:61[43:45]::FLOW_DESCR_END
FLOW_DESCR_START::Source: msg;dxl-tie-set-file-reputation.js:50[34:36];Sink: msg;dxl-tie-set-file-reputation.js:64[27:29]::FLOW_DESCR_END
FLOW_DESCR_START::Source: msg;dxl-tie-set-file-reputation.js:50[34:36];Sink: msg;dxl-tie-set-file-reputation.js:73[59:61]::FLOW_DESCR_END","/nodes/dxl-tie-set-file-reputation.js","50","34","50","36"
